run_id,model,corpus,n_members,epochs,lr,seed,attack,auroc,tpr_at_fpr_1pct,tpr_at_fpr_01pct,adv,tv_empirical,kl_score_space,pinsker,bh,bound,tightness_gap,adv_over_bound,samples_per_bin,kl_bins_15,bound_bins_15,kl_bins_20,bound_bins_20,kl_bins_30,bound_bins_30,kl_bins_50,bound_bins_50,auroc_ci_lo,auroc_ci_hi,tpr_at_fpr_1pct_ci_lo,tpr_at_fpr_1pct_ci_hi,tpr_at_fpr_01pct_ci_lo,tpr_at_fpr_01pct_ci_hi,adv_ci_lo,adv_ci_hi,tv_empirical_ci_lo,tv_empirical_ci_hi,kl_score_space_ci_lo,kl_score_space_ci_hi,pinsker_ci_lo,pinsker_ci_hi,bh_ci_lo,bh_ci_hi,bound_ci_lo,bound_ci_hi,tightness_gap_ci_lo,tightness_gap_ci_hi,adv_over_bound_ci_lo,adv_over_bound_ci_hi,n_members_scored,n_nonmembers_scored,perplexity,next_token_acc
pythia410m_enron_N500_lr5e-5_seed42_400a,pythia-410m,enron,500,1,5e-05,42,loss,0.6478360000000001,0.01,0.004,0.27,0.2479999999999998,0.16321110703626843,0.2856668575773784,0.38805688672287547,0.2856668575773784,0.0156668575773784,0.9451568946070871,25.0,0.1644804494893503,0.28677556511089847,0.16321110703626843,0.2856668575773784,0.1854440457489225,0.30450291110999456,0.20933494919072893,0.3235235302035456,0.62119655,0.67366435,0.002,0.024049999999999953,0.0,0.01,0.2265,0.316525,0.2174999999999998,0.3120000000000001,0.13787396903173804,0.2666666272198967,0.26255852065134266,0.36514832380201057,0.35887532599699723,0.4838094651903931,0.26255852065134266,0.36514832380201057,0.00771920673246989,0.07097115641418851,0.7753905294309065,0.9736281953440116,500,2000,33.47648820646068,0.3986432198487348
pythia410m_enron_N500_lr5e-5_seed42_400a,pythia-410m,enron,500,1,5e-05,42,ref,0.856783,0.014,0.004,0.613,0.6135000000000002,1.0559835552760692,0.7266304271347537,0.8075579674739165,0.7266304271347537,0.11363042713475369,0.8436200537557713,25.0,0.9980313416208259,0.7064104124447862,1.0559835552760692,0.7266304271347537,1.0657356849263693,0.7299779739575604,1.138084241368966,0.7543488057155543,0.84208435,0.87211125,0.004,0.024,0.0,0.01,0.584,0.645,0.5724875,0.6449999999999998,0.9521741280172855,1.2574863431558332,0.6899906224303343,0.7929332692980167,0.7836446121027396,0.8459503911422956,0.6899906224303343,0.7929332692980167,0.08747350720281762,0.16354759312303688,0.7889881479032133,0.8751028099960794,500,2000,33.47648820646068,0.3986432198487348
pythia410m_enron_N500_lr5e-5_seed42_400a,pythia-410m,enron,500,1,5e-05,42,zlib,0.552439,0.036,0.002,0.08800000000000002,0.075,0.03749268940943484,0.13691729147451545,0.19182945741834517,0.13691729147451545,0.04891729147451543,0.6427237863990287,25.0,0.02975055597718866,0.1219642488133073,0.03749268940943484,0.13691729147451545,0.040058492117500843,0.14152471889656035,0.06082625977366855,0.1743936062097297,0.52489195,0.57927745,0.018,0.052,0.0,0.014,0.058987500000000005,0.1405,0.06598750000000002,0.1399999999999999,0.030630302268574522,0.076365653490065,0.12375439811347115,0.19540425948100945,0.17368346949972294,0.27115054985387427,0.12375439811347115,0.19540425948100945,0.02849568477640099,0.09624515170232344,0.40950307076766906,0.8203378874333168,500,2000,33.47648820646068,0.3986432198487348
pythia410m_enron_N500_lr5e-5_seed42_400a,pythia-410m,enron,500,1,5e-05,42,mink,0.7006209999999999,0.04,0.004,0.327,0.32750000000000057,0.289410030994711,0.38040112446909974,0.5012931775533883,0.38040112446909974,0.053401124469099726,0.859618910055463,25.0,0.2878615711695868,0.37938211025929175,0.289410030994711,0.38040112446909974,0.3279863286005765,0.40496069475973623,0.3787431878149076,0.435168466122551,0.676098725,0.725278175,0.02,0.056049999999999954,0.0,0.012,0.288,0.377025,0.27250000000000013,0.3670125000000006,0.24680247257878013,0.4256004415967638,0.35128512103995496,0.46130270072344176,0.4676590579337247,0.5887466034847365,0.35128512103995496,0.46130270072344176,0.038856883051425345,0.11755283818869457,0.7300122213248196,0.8980965847987261,500,2000,33.47648820646068,0.3986432198487348
pythia410m_enron_N500_lr5e-5_seed42_400a,pythia-410m,enron,500,1,5e-05,42,minkpp,0.7951030000000001,0.012,0.01,0.4975,0.4835000000000001,0.5935744331456662,0.5447818063893407,0.6690669503867088,0.5447818063893407,0.04728180638934071,0.9132096449719731,25.0,0.5577745925391033,0.5280978093777247,0.5935744331456662,0.5447818063893407,0.6298221222749394,0.5611693693863464,0.6579151465141879,0.5735482309772161,0.77491895,0.8140892750000001,0.004,0.022,0.0,0.018,0.463475,0.5445125,0.44400000000000067,0.5255125000000006,0.522281685693284,0.7271547368222696,0.5110194047888501,0.6029737702141484,0.637835708928329,0.7188309243197397,0.5110194047888501,0.6029737702141484,0.026298001811508376,0.08505978339864421,0.8553239609502314,0.9500744191044683,500,2000,33.47648820646068,0.3986432198487348
pythia410m_enron_N500_lr5e-5_seed42_400a,pythia-410m,enron,500,1,5e-05,42,rmia,0.8567680000000001,0.014,0.004,0.6125,0.6084999999999999,1.0189564423621156,0.7137774311233565,0.7993926205616347,0.7137774311233565,0.10127743112335641,0.8581106284574394,25.0,0.9986978360074668,0.7066462467201913,1.0189564423621156,0.7137774311233565,1.0331344684012447,0.7187261190471809,1.060781471505777,0.7282792979021775,0.8420820625000001,0.872084275,0.004,0.026,0.0,0.014,0.5839875,0.6440125,0.5769875,0.6395,0.9427766368047185,1.1466603496701893,0.686577248584595,0.7571856936843507,0.7813163838011022,0.8260169529672151,0.686577248584595,0.7571856936843507,0.08378943870636683,0.12781463376998398,0.8276408585842443,0.88109744842047,500,2000,33.47648820646068,0.3986432198487348
pythia410m_enron_N500_lr5e-5_seed42_400a,pythia-410m,enron,500,2,5e-05,42,loss,0.790357,0.014,0.006,0.499,0.49749999999999983,0.6609699951322026,0.5748782458626359,0.6954493264898309,0.5748782458626359,0.07587824586263592,0.868009884860443,25.0,0.6611095869416332,0.5749389476029751,0.6609699951322026,0.5748782458626359,0.6870754959663942,0.586120932899685,0.7100367431619222,0.5958341812794572,0.768575075,0.811286525,0.0059500000000000455,0.026,0.0,0.012,0.46398750000000005,0.5445,0.4549874999999999,0.5375250000000001,0.5839546471889003,0.7970680981931796,0.5403492597193269,0.6312955269218803,0.6650650036967949,0.7411826364794947,0.5403492597193269,0.6312955269218803,0.05661721973247063,0.10852309404142522,0.8205833433778662,0.8986646255259557,500,2000,29.68179149954061,0.41980909733679
pythia410m_enron_N500_lr5e-5_seed42_400a,pythia-410m,enron,500,2,5e-05,42,ref,0.938694,0.014,0.006,0.8395,0.8359999999999997,2.1469783432638643,1.0360932253576085,0.9397677025608348,0.9397677025608348,0.10026770256083473,0.8933058645369396,25.0,2.0980464768864255,0.9366451390304987,2.1469783432638643,0.9397677025608348,2.224351303576838,0.9443846968659322,2.3059162923504752,0.9488585593789898,0.92908395,0.9475456999999999,0.004,0.026,0.0,0.014,0.824,0.8615,0.8099874999999997,0.8565125,2.0384737906902477,2.443172870353849,1.009572626343965,1.105254009131241,0.9326160399833864,0.95557064157501,0.9326160399833864,0.95557064157501,0.08634414578075203,0.11631619309308672,0.8764966783894024,0.9086133640262262,500,2000,29.68179149954061,0.41980909733679
pythia410m_enron_N500_lr5e-5_seed42_400a,pythia-410m,enron,500,2,5e-05,42,zlib,0.622968,0.062,0.014,0.173,0.17850000000000005,0.12245355561079192,0.2474404530496094,0.33948932895884454,0.2474404530496094,0.07444045304960942,0.6991581120541966,25.0,0.09843399596968233,0.2218490432362537,0.12245355561079192,0.2474404530496094,0.12518821662238183,0.25018814582467913,0.1538302954177475,0.2773358031500328,0.5954084,0.6482779,0.038,0.088,0.0,0.032,0.13998750000000001,0.22653749999999997,0.1434874999999997,0.22799999999999998,0.09587625133279515,0.17234239518688527,0.21894776130277796,0.29354931030550496,0.30236327242563454,0.3978807196538148,0.21894776130277796,0.29354931030550496,0.04499959383744831,0.10303723553943316,0.5937237005714022,0.8225467671741129,500,2000,29.68179149954061,0.41980909733679
pythia410m_enron_N500_lr5e-5_seed42_400a,pythia-410m,enron,500,2,5e-05,42,mink,0.8581489999999999,0.014,0.006,0.6085,0.6000000000000002,1.131631215425629,0.7522071574458824,0.823099781842068,0.7522071574458824,0.14370715744588236,0.8089526854093763,25.0,1.140663168008869,0.7552030084715199,1.131631215425629,0.7522071574458824,1.201860269032048,0.7751968359816905,1.2048625985246668,0.7761644795159937,0.8411177750000001,0.8737462,0.0059500000000000455,0.026,0.0,0.012,0.5735,0.6490125,0.5615000000000003,0.6364999999999996,1.0239822242533585,1.3385566461405318,0.7155355400170021,0.8180942882195513,0.8005236839222538,0.8589388951735266,0.7155355400170021,0.8180942882195513,0.12193498984070507,0.19386671348359735,0.7564015402775168,0.8353292408013814,500,2000,29.68179149954061,0.41980909733679
pythia410m_enron_N500_lr5e-5_seed42_400a,pythia-410m,enron,500,2,5e-05,42,minkpp,0.9359859999999999,0.024,0.01,0.8059999999999999,0.8030000000000009,1.92512096473275,0.9811016677013524,0.9241979700791911,0.9241979700791911,0.1181979700791912,0.8721075203518752,25.0,1.7957306638717598,0.9132326574571766,1.92512096473275,0.9241979700791911,2.0060651662867923,0.9303134222117662,2.087751552980931,0.9359671187201172,0.92595945,0.944878275,0.006,0.038,0.0,0.018,0.787,0.8330124999999999,0.7665000000000013,0.825500000000001,1.7783890514345742,2.1021414610959095,0.942971112113779,1.0252173564377052,0.9116413530363905,0.9369127036204815,0.9116413530363905,0.9369127036204815,0.09863476753498943,0.13173506483690134,0.8571498258282145,0.8941329192934725,500,2000,29.68179149954061,0.41980909733679
pythia410m_enron_N500_lr5e-5_seed42_400a,pythia-410m,enron,500,2,5e-05,42,rmia,0.9386304999999999,0.014,0.002,0.839,0.8340000000000001,1.946147264713919,0.9864449464399722,0.9258383912933733,0.9258383912933733,0.08683839129337334,0.906205670330799,25.0,1.9641942928992724,0.9272168803935981,1.946147264713919,0.9258383912933733,2.059241145497669,0.9340499314165002,2.116166611569571,0.9378205375124399,0.9290259,0.9474865375,0.004,0.026,0.0,0.014,0.8235,0.8615,0.8110000000000002,0.8555000000000001,1.8258799028995651,2.087505877860061,0.9554789084664536,1.0216422736238517,0.915928021418536,0.9359508450013058,0.915928021418536,0.9359508450013058,0.07226810812588796,0.09552366385200378,0.8964786218549005,0.9225233122275552,500,2000,29.68179149954061,0.41980909733679
pythia410m_enron_N500_lr5e-5_seed42_400a,pythia-410m,enron,500,3,5e-05,42,loss,0.8908440000000001,0.016,0.012,0.708,0.7010000000000001,1.455257584266296,0.8530116014059528,0.875591085277817,0.8530116014059528,0.14501160140595282,0.8300004347338987,25.0,1.442720353733771,0.8493292511546305,1.455257584266296,0.8530116014059528,1.4680382617163974,0.8567491644922677,1.5371493699830614,0.8766839139573229,0.87552285,0.905767225,0.006,0.03,0.0,0.02,0.6795,0.7395,0.6684875000000005,0.7314999999999999,1.3145936928742519,1.6334963445058897,0.8107384567434861,0.903741205279856,0.8552289573967805,0.8970809652556448,0.8107384567434861,0.8970809652556448,0.1185335032317207,0.17397135837543767,0.803372339543159,0.8557943753252918,500,2000,32.11219157940957,0.4251842607074754
pythia410m_enron_N500_lr5e-5_seed42_400a,pythia-410m,enron,500,3,5e-05,42,ref,0.9564260000000001,0.016,0.01,0.8885,0.8739999999999999,2.6831232867361154,1.1582580210678697,0.965220521005185,0.965220521005185,0.076720521005185,0.9205150332638101,25.0,2.593367317443642,0.9618898852580007,2.6831232867361154,0.965220521005185,2.754948604450248,0.9676712825266026,2.92178532400858,0.9727088546445717,0.947753775,0.96369595,0.006,0.028,0.0,0.018,0.872,0.9055124999999999,0.8605000000000002,0.903,2.537085249317871,3.1310663907347136,1.1262959755843702,1.2512126882459753,0.9596371131531433,0.9779206490494508,0.9596371131531433,0.9779206490494508,0.0658074114271635,0.09498846388696977,0.9019611979203251,0.9320732054496583,500,2000,32.11219157940957,0.4251842607074754
pythia410m_enron_N500_lr5e-5_seed42_400a,pythia-410m,enron,500,3,5e-05,42,zlib,0.7131989999999999,0.122,0.036,0.3015,0.2965000000000002,0.2710793820139513,0.368157155311391,0.48728229931482203,0.368157155311391,0.06665715531139099,0.8189437463058087,25.0,0.22285959937311334,0.3338110239140653,0.2710793820139513,0.368157155311391,0.30067589605486844,0.3877343781861936,0.3453291096840716,0.41552924667469054,0.688359525,0.735958475,0.08,0.152,0.019950000000000048,0.082,0.26248750000000004,0.35151249999999995,0.24950000000000017,0.3430000000000001,0.22740019503357004,0.3519805369584545,0.33719445056799263,0.4195119384019992,0.45099676006883377,0.544707431154487,0.33719445056799263,0.4195119384019992,0.04813015023033214,0.10299902714267159,0.7352544531652325,0.8743698540150245,500,2000,32.11219157940957,0.4251842607074754
pythia410m_enron_N500_lr5e-5_seed42_400a,pythia-410m,enron,500,3,5e-05,42,mink,0.93395,0.018,0.012,0.7895,0.7779999999999997,2.210289832286113,1.0512587294015951,0.9435736016162718,0.9435736016162718,0.15407360161627182,0.8367126831946601,25.0,2.2154701794598775,0.9438738238920421,2.210289832286113,0.9435736016162718,2.2990352999475454,0.9484958565526983,2.305280530790448,0.9488251582017441,0.9235618000000001,0.94404925,0.007950000000000046,0.032,0.0,0.02,0.7649875,0.8180124999999999,0.7570000000000008,0.8119999999999995,2.0517404082976074,2.4950143552105284,1.0128525085782456,1.1169186056086053,0.9335357265962918,0.9578646708434517,0.9335357265962918,0.9578646708434517,0.1318414729233862,0.17493457431574524,0.8154207716377636,0.8610514049269516,500,2000,32.11219157940957,0.4251842607074754
pythia410m_enron_N500_lr5e-5_seed42_400a,pythia-410m,enron,500,3,5e-05,42,minkpp,0.966789,0.072,0.012,0.9195,0.8779999999999994,2.411982062654387,1.098176229631289,0.9541292096264936,0.9541292096264936,0.03462920962649363,0.963705953787905,25.0,2.592772255355276,0.9618667509635958,2.411982062654387,0.9541292096264936,2.7331873318890656,0.9669479070359296,2.825573246814216,0.9699099607315312,0.959564725,0.973611075,0.038,0.094,0.002,0.028,0.9049875000000001,0.9360125,0.8629999999999995,0.9130125000000012,2.283570563780855,2.9320455128461047,1.0685435315532328,1.2107942666586766,0.9476710142869336,0.9729913023188826,0.9476710142869336,0.9729913023188826,0.02384246004990486,0.056657352346174444,0.941389248174989,0.9751062170500316,500,2000,32.11219157940957,0.4251842607074754
pythia410m_enron_N500_lr5e-5_seed42_400a,pythia-410m,enron,500,3,5e-05,42,rmia,0.956469,0.016,0.008,0.8885,0.8860000000000002,2.371083132158771,1.0888257739782732,0.9521661991942124,0.9521661991942124,0.06366619919421246,0.9331354134938931,25.0,2.2605164638135107,0.9464160789948426,2.371083132158771,0.9521661991942124,2.423950571904158,0.9546878970618768,2.54032664106979,0.9597704710021454,0.9478062375,0.9637671624999999,0.006,0.028,0.002,0.018,0.872,0.9055,0.8664875,0.9025000000000002,2.222418965406474,2.5328902104910105,1.0541392009875517,1.1253644320176786,0.9442739364658598,0.9594638494130153,0.9442739364658598,0.9594638494130153,0.05238139591045629,0.07454921767264684,0.9215483707460707,0.9452481611979547,500,2000,32.11219157940957,0.4251842607074754
pythia410m_enron_N500_lr5e-5_seed42_400a,pythia-410m,enron,500,5,5e-05,42,loss,0.961043,0.032,0.016,0.8825,0.8765000000000019,2.853825163907594,1.1945344624387348,0.9707607946796939,0.9707607946796939,0.08826079467969394,0.9090808001688861,25.0,2.5145929621759286,0.9586992056061586,2.853825163907594,0.9707607946796939,2.8961926590811213,0.9719911977357318,2.985786249360129,0.9744230177319431,0.95309275,0.9687812499999999,0.018,0.068,0.006,0.028,0.8635,0.9055124999999999,0.854987499999999,0.8980125000000018,2.641927044658001,3.2400406332310663,1.1493317703407455,1.272800184637444,0.9637303104310643,0.9802232872190854,0.9637303104310643,0.9802232872190854,0.06955371108702078,0.10557082258837357,0.891360060569046,0.928592478459732,500,2000,45.49521746108324,0.42337914854412617
pythia410m_enron_N500_lr5e-5_seed42_400a,pythia-410m,enron,500,5,5e-05,42,ref,0.968906,0.078,0.054,0.922,0.9215000000000001,3.4150277718535236,1.3067187478286066,0.9834248859595529,0.9834248859595529,0.061424885959552866,0.9375398295929648,25.0,3.298960154903742,0.9813656096840843,3.4150277718535236,0.9834248859595529,3.5928191470211774,0.986143683121599,3.6735036940323558,0.9872247138410606,0.9611531499999999,0.9757078,0.052,0.102,0.034,0.078,0.909,0.936,0.9015000000000002,0.934,3.172482680800859,5.150415933470105,1.2594607328763439,1.6047454489180504,0.9788261095771895,0.9970972899533933,0.9788261095771895,0.9970972899533933,0.049878643947937,0.07409447322877506,0.9248593480568269,0.9493670222437014,500,2000,45.49521746108324,0.42337914854412617
pythia410m_enron_N500_lr5e-5_seed42_400a,pythia-410m,enron,500,5,5e-05,42,zlib,0.893376,0.342,0.15,0.607,0.5834999999999998,0.8366074368001992,0.6467640361059817,0.7528760748897507,0.6467640361059817,0.03976403610598167,0.9385184798688068,25.0,0.7155700242902309,0.5981513287999245,0.8366074368001992,0.6467640361059817,0.9713127888116345,0.6968905182349787,1.3417174630699666,0.8190596629885905,0.87830765,0.90669575,0.28,0.39,0.11995000000000004,0.232,0.5755,0.6455,0.5489874999999999,0.6260125,0.7660369370933277,1.0013712637776788,0.6188848587505659,0.7075914269672722,0.7315383384586477,0.7953770581086251,0.6188848587505659,0.7075914269672722,0.015762435352159657,0.08965980609312732,0.8714249651314693,0.9757343388785897,500,2000,45.49521746108324,0.42337914854412617
pythia410m_enron_N500_lr5e-5_seed42_400a,pythia-410m,enron,500,5,5e-05,42,mink,0.9692,0.04,0.016,0.907,0.901500000000001,3.2313826765604765,1.2710984770190854,0.9800495694823221,0.9800495694823221,0.07304956948232211,0.9254633931211173,25.0,3.2508468893624585,0.9804379713839644,3.2313826765604765,0.9800495694823221,3.336846809374721,0.9820647261979581,3.456028905930946,0.9840961229953747,0.96216075,0.9757642,0.022,0.084,0.006,0.028,0.897,0.9245125,0.8900000000000009,0.9200000000000003,2.967427796891818,3.638594745336784,1.218077946276075,1.348813261764177,0.9739427846166275,0.9867677933214372,0.9739427846166275,0.9867677933214372,0.057441660523025635,0.08219467389146966,0.9160591478465036,0.9412388737065741,500,2000,45.49521746108324,0.42337914854412617
pythia410m_enron_N500_lr5e-5_seed42_400a,pythia-410m,enron,500,5,5e-05,42,minkpp,0.9937069999999999,0.858,0.134,0.96,0.9570000000000015,3.21474630532792,1.2678222086175805,0.9797114257217794,0.9797114257217794,0.01971142572177942,0.9798803757879444,25.0,2.838562399345427,0.9703042207766018,3.21474630532792,0.9797114257217794,3.5023604942924744,0.9848217164878882,3.871852099859952,0.989535358946305,0.991119175,0.99623305,0.6179000000000001,0.94,0.042,0.2900499999999999,0.9514875,0.971,0.9450000000000002,0.9675,3.0289703123371097,3.8611649767800693,1.2306442037205108,1.3894539892322373,0.9755175991362388,0.9894223047191361,0.9755175991362388,0.9894223047191361,0.011946240028035706,0.030275656559762207,0.9693359396884904,0.9877983782843613,500,2000,45.49521746108324,0.42337914854412617
pythia410m_enron_N500_lr5e-5_seed42_400a,pythia-410m,enron,500,5,5e-05,42,rmia,0.9688594999999999,0.078,0.054,0.9215,0.9005000000000002,2.688828556041243,1.1594888002997792,0.9654219260602301,0.9654219260602301,0.043921926060230154,0.9545049424768399,25.0,2.643546927315461,0.963790119955064,2.688828556041243,0.9654219260602301,2.6566369281809177,0.9642697451191646,3.027790318732668,0.975488329848873,0.9611350125,0.9756317499999999,0.052,0.102,0.036,0.08,0.9089875000000001,0.9355125,0.8865000000000003,0.9140000000000001,2.504739493030793,2.8907236640783625,1.1190932692094357,1.2022320166858889,0.9582813371067735,0.9718353691232978,0.9582813371067735,0.9718353691232978,0.03290796471327115,0.05248569165337285,0.945496205482042,0.9659737694836327,500,2000,45.49521746108324,0.42337914854412617
pythia410m_enron_N500_lr5e-5_seed42_400a,pythia-410m,enron,500,10,5e-05,42,loss,0.998747,0.976,0.824,0.9745,0.966,3.4278202158067987,1.3091638965016563,0.983637324264884,0.983637324264884,0.009137324264884006,0.9907106775643018,25.0,3.2299518109176613,0.9800207114781322,3.4278202158067987,0.983637324264884,3.766815479985615,0.988369571539041,4.1396137535152056,0.9920035267891832,0.9979787999999999,0.999339075,0.946,0.988,0.592,0.892,0.9675,0.984,0.9585,0.9755000000000005,3.230286800111993,3.757719039639605,1.270882921458532,1.3707149665453966,0.980027471390174,0.9882626622566946,0.980027471390174,0.9882626622566946,0.0013696426435449024,0.015145896942077438,0.9846026790030851,0.99860788473434,500,2000,84.59676251684596,0.42361215263642793
pythia410m_enron_N500_lr5e-5_seed42_400a,pythia-410m,enron,500,10,5e-05,42,ref,0.9769410000000001,0.258,0.192,0.9375,0.9375000000000002,5.181837263487295,1.6096330736362394,0.9971872062072045,0.9971872062072045,0.05968720620720447,0.940144432423853,25.0,4.275382102685591,0.9930222888217427,5.181837263487295,0.9971872062072045,4.890685994669236,0.9962347792620905,4.824917075088824,0.9959783032279066,0.9708900749999999,0.982202525,0.21995000000000003,0.304,0.148,0.236,0.9245,0.95,0.9189875000000002,0.9480000000000002,4.159879623297151,5.703009849277955,1.4421996347852868,1.688639962999505,0.9921645814120069,0.998330651765018,0.9921645814120069,0.998330651765018,0.04683850999568612,0.07163711352708209,0.9280836799036204,0.9530820071516258,500,2000,84.59676251684596,0.42361215263642793
pythia410m_enron_N500_lr5e-5_seed42_400a,pythia-410m,enron,500,10,5e-05,42,zlib,0.997988,0.946,0.83,0.9715,0.7299999999999991,1.3024737848002985,0.8069924983543213,0.8533121109922683,0.8069924983543213,-0.16450750164567873,1.20385257853221,25.0,1.0512497717290927,0.7249999212858897,1.3024737848002985,0.8069924983543213,1.8623860754787367,0.9190747377011405,3.0522499308442694,0.9760878598433333,0.996523525,0.999085025,0.904,0.976,0.726,0.892,0.9644875,0.9810125,0.7129999999999991,0.8325250000000015,1.240163086748284,1.787919043552123,0.787452561986542,0.945494322147074,0.8430082814459485,0.9125196000452847,0.787452561986542,0.9125196000452847,-0.18548466125757415,-0.06037937111692745,1.0659979509258135,1.2355329040409722,500,2000,84.59676251684596,0.42361215263642793
pythia410m_enron_N500_lr5e-5_seed42_400a,pythia-410m,enron,500,10,5e-05,42,mink,0.999147,0.984,0.866,0.9765,0.9744999999999998,4.383295666083752,1.4804215051943403,0.9937383221108187,0.9937383221108187,0.01723832211081866,0.9826530569192478,25.0,4.027063036740812,0.9910466138172893,4.383295666083752,0.9937383221108187,5.3318951093981335,0.9975796215527141,6.388091572083676,0.9991589152429627,0.9985619499999999,0.999567075,0.962,0.996,0.674,0.916,0.971,0.9870125,0.9674999999999997,0.9850000000000001,4.050535295380953,4.971136393077858,1.423118985710729,1.5765684777629312,0.9912552390401453,0.996526333461416,0.9912552390401453,0.996526333461416,0.007824790015592798,0.02194370330623916,0.9778892210915858,0.9921423044585447,500,2000,84.59676251684596,0.42361215263642793
pythia410m_enron_N500_lr5e-5_seed42_400a,pythia-410m,enron,500,10,5e-05,42,minkpp,0.9999180000000001,0.998,0.986,0.991,0.48100000000000054,0.6558497713666722,0.5726472611331832,0.6935410275607242,0.5726472611331832,-0.4183527388668168,1.730559224257808,25.0,0.2548908850205628,0.356995017486633,0.6558497713666722,0.5726472611331832,1.4938772093121262,0.8642560989984758,2.494952868430256,0.9578620257267604,0.999808975,0.999988,0.992,1.0,0.974,0.996,0.986,0.9975,0.46299999999999947,0.7830125000000007,0.6217556907150267,1.527913695522831,0.5575642073855829,0.874046244290655,0.680440444014921,0.8848797012953431,0.5575642073855829,0.874046244290655,-0.4359379034656758,-0.11982496389396483,1.137694896798996,1.7818680950954782,500,2000,84.59676251684596,0.42361215263642793
pythia410m_enron_N500_lr5e-5_seed42_400a,pythia-410m,enron,500,10,5e-05,42,rmia,0.9769430000000001,0.258,0.17,0.9359999999999999,0.8975,2.8362929044212426,1.1908595434435671,0.9702357149435044,0.9702357149435044,0.034235714943504414,0.9647140231840488,25.0,2.7656378377953326,0.9680206900581049,2.8362929044212426,0.9702357149435044,2.8949837809049663,0.9719568292871303,3.0963806618743352,0.9771322601833036,0.9708936375,0.9821630875,0.22,0.306,0.162,0.242,0.9235,0.949,0.8844874999999995,0.9105000000000002,2.6380423174265903,3.0560026570048686,1.148486464004567,1.2361235084630853,0.9635864726821868,0.9761785201918335,0.9635864726821868,0.9761785201918335,0.024605779297014928,0.04269028263899917,0.9558828829401634,0.9747238184402299,500,2000,84.59676251684596,0.42361215263642793
pythia410m_enron_N500_lr5e-5_seed42_400a,pythia-410m,enron,500,15,5e-05,42,loss,0.999934,1.0,0.976,0.996,0.9675000000000022,3.4265114402548056,1.3089139467999424,0.9836157167026883,0.9836157167026883,-0.012384283297311671,1.0125905707757767,25.0,3.2188730326717225,0.979795840117718,3.4265114402548056,0.9836157167026883,3.75074930486941,0.9881800794921016,4.0745328942752215,0.9914634871281157,0.999851975,0.999989,1.0,1.0,0.946,0.99605,0.993,0.999,0.9600000000000004,0.9755000000000023,3.218872162534348,3.7090782197266803,1.2686355194724661,1.361814638584613,0.9797958223560548,0.9876739864084924,0.9797958223560548,0.9876739864084924,-0.016694252629702703,-0.008326014054075247,1.0084299213835233,1.0170298560292539,500,2000,105.98105208652996,0.4232130996507617
pythia410m_enron_N500_lr5e-5_seed42_400a,pythia-410m,enron,500,15,5e-05,42,ref,0.977525,0.27,0.204,0.9385,0.929,4.218765002471706,1.4523713372398441,0.9926143216232195,0.9926143216232195,0.0541143216232195,0.945483033596849,25.0,4.156136707845927,0.992135086015116,4.218765002471706,0.9926143216232195,4.943764058396183,0.9964297673863585,4.958229297199928,0.9964811304564911,0.97157535,0.982723925,0.232,0.314,0.156,0.248,0.926,0.9505,0.9169874999999998,0.9440000000000002,3.9246885575730137,5.599532452728293,1.4008369738625068,1.673250184406956,0.9900766119322274,0.9981484874911063,0.9900766119322274,0.9981484874911063,0.04492857407435065,0.06897788987201603,0.930708767546401,0.9549081309265506,500,2000,105.98105208652996,0.4232130996507617
pythia410m_enron_N500_lr5e-5_seed42_400a,pythia-410m,enron,500,15,5e-05,42,zlib,0.999704,0.994,0.936,0.987,0.7425000000000009,1.3567329477919616,0.8236300588832226,0.861684006840314,0.8236300588832226,-0.16336994111677738,1.1983535439907258,25.0,1.0876703913420451,0.7374518260001954,1.3567329477919616,0.8236300588832226,1.9661089524036621,0.9273615548658728,3.1010860534781575,0.9772408592005168,0.999473925,0.999878025,0.98195,1.0,0.894,0.966,0.9825,0.9925125,0.725500000000001,0.8360124999999992,1.2928017403039291,1.8079622060775333,0.8039905908354678,0.950779200097238,0.8517625107756158,0.9143369233089562,0.8039905908354678,0.9143369233089562,-0.18300993348571834,-0.07348848566968076,1.0804389199033122,1.2272534691479462,500,2000,105.98105208652996,0.4232130996507617
pythia410m_enron_N500_lr5e-5_seed42_400a,pythia-410m,enron,500,15,5e-05,42,mink,0.999954,1.0,0.986,0.9965,0.9855000000000008,4.233602373349338,1.4549230861714544,0.9927234953827162,0.9927234953827162,-0.003776504617283849,1.00380418579277,25.0,3.963313138871126,0.990454410834723,4.233602373349338,0.9927234953827162,4.710524119034124,0.9954897994235294,5.793156674654598,0.9984746645051387,0.99989195,0.999995,1.0,1.0,0.95,0.998,0.994,0.999,0.9805000000000008,0.9905000000000009,3.9373368109055966,4.656458785243203,1.4030924436589338,1.5258536602903967,0.9902019601833559,0.9952386424351383,0.9902019601833559,0.9952386424351383,-0.0070411467986039615,-0.0015181356733225543,1.001527327336451,1.0071055673331426,500,2000,105.98105208652996,0.4232130996507617
pythia410m_enron_N500_lr5e-5_seed42_400a,pythia-410m,enron,500,15,5e-05,42,minkpp,0.999989,1.0,0.996,0.9975,0.032999999999999974,0.033555839935705455,0.12952961039026067,0.18165650977877396,0.12952961039026067,-0.8679703896097394,7.700941869543383,25.0,0.018163267474410553,0.09529760614624733,0.033555839935705455,0.12952961039026067,0.08992359491063519,0.21204197097583674,0.31334007223344584,0.39581565926163526,0.9999669750000001,1.0,1.0,1.0,0.986,1.0,0.9955,1.0,0.025999999999999992,0.44901250000000087,0.026343374347593627,0.5960417310663908,0.1147679710276145,0.5459128697173724,0.16124333981161856,0.6700833574212973,0.1147679710276145,0.5459128697173724,-0.8830219367311415,-0.4517620464000787,1.827225737222318,8.682845023840356,500,2000,105.98105208652996,0.4232130996507617
pythia410m_enron_N500_lr5e-5_seed42_400a,pythia-410m,enron,500,15,5e-05,42,rmia,0.977536,0.27,0.194,0.9369999999999999,0.8990000000000006,2.834999057668634,1.1905878921080615,0.9701965877252883,0.9701965877252883,0.03319658772528833,0.9657836482365696,25.0,2.735314554367227,0.9670193391961496,2.834999057668634,0.9701965877252883,2.8924897061503128,0.9718857873852006,3.108114242726197,0.9774020967501597,0.9715429750000001,0.9827413875000001,0.234,0.31604999999999994,0.164,0.252,0.9249875000000001,0.95,0.8859875000000005,0.9125000000000005,2.6370600701455555,3.0485842408310573,1.1482726303119066,1.2346222581072852,0.9635500108478723,0.9759989647397347,0.9635500108478723,0.9759989647397347,0.02393208984166062,0.041189141707930595,0.9574086274869016,0.9754070973419792,500,2000,105.98105208652996,0.4232130996507617
pythia410m_enron_N500_lr5e-5_seed42_400a,pythia-410m,enron,500,20,5e-05,42,loss,0.999944,1.0,0.986,0.994,0.9675000000000004,3.4265114419988443,1.3089139471330504,0.9836157167315012,0.9836157167315012,-0.010384283268498828,1.0105572563470266,25.0,3.2314518106386583,0.9800509627262286,3.4265114419988443,0.9836157167315012,3.7507493084233396,0.98818007953436,4.104385822728076,0.9917156095656084,0.999878,0.99999,0.998,1.0,0.948,0.998,0.9914875000000001,0.9985,0.9600000000000004,0.9760000000000003,3.2188721708616086,3.729697478955522,1.2686355211134537,1.365594646839889,0.9797958225260349,0.9879270745999033,0.9797958225260349,0.9879270745999033,-0.016156159988944575,-0.006620855076105379,1.0067253283854003,1.0164467522840681,500,2000,109.36350873272697,0.42287832365607525
pythia410m_enron_N500_lr5e-5_seed42_400a,pythia-410m,enron,500,20,5e-05,42,ref,0.9777129999999999,0.274,0.202,0.9385,0.9289999999999997,4.25440344588393,1.458492962938788,0.9928738287323924,0.9928738287323924,0.05437382873239238,0.9452359130043625,25.0,4.206639097949233,0.9925238790720954,4.25440344588393,0.9928738287323924,4.976319327965299,0.9965443239780405,4.959074858340881,0.9964841098651104,0.97180995,0.9828759250000001,0.23395000000000005,0.318,0.15595000000000003,0.25404999999999994,0.9265,0.9505,0.917,0.9439999999999997,3.943507628197572,5.625472555058862,1.40419151616809,1.6771214166058679,0.9902625322884859,0.9981959417902302,0.9902625322884859,0.9981959417902302,0.045157750153072274,0.0687519645157801,0.9308952318413042,0.9546164260459779,500,2000,109.36350873272697,0.42287832365607525
pythia410m_enron_N500_lr5e-5_seed42_400a,pythia-410m,enron,500,20,5e-05,42,zlib,0.9997830000000001,0.996,0.95,0.9875,0.7434999999999997,1.3606240008092871,0.8248102814615271,0.8622640718599287,0.8248102814615271,-0.16268971853847292,1.1972450176666007,25.0,1.089155170915873,0.7379550023259795,1.3606240008092871,0.8248102814615271,1.980497682254541,0.9284392603731438,3.101086047943404,0.9772408590730838,0.999603,0.999913,0.986,1.0,0.908,0.978,0.984,0.9945,0.7264999999999996,0.8389999999999992,1.2964513776024877,1.8263478013672003,0.8051246417799196,0.9556013293647095,0.852349327770734,0.915969158250273,0.8051246417799196,0.915969158250273,-0.18338779951342465,-0.0734820009313162,1.0804236621316332,1.2276461826484335,500,2000,109.36350873272697,0.42287832365607525
pythia410m_enron_N500_lr5e-5_seed42_400a,pythia-410m,enron,500,20,5e-05,42,mink,0.999961,1.0,0.992,0.996,0.985499999999999,4.233602374332406,1.4549230863403753,0.9927234953898957,0.9927234953898957,-0.003276504610104314,1.0033005208653971,25.0,4.0173803250825735,0.9909591023204978,4.233602374332406,0.9927234953898957,4.767682457034685,0.9957409017425047,5.779387407531298,0.9984535001131988,0.999909,0.999994,1.0,1.0,0.962,0.998,0.993,0.999,0.9809999999999991,0.9909999999999991,3.963312255996937,4.710525919180468,1.4077130844026664,1.534686599794966,0.9904544023665542,0.9954898075609354,0.9904544023665542,0.9954898075609354,-0.00656660089167189,-0.0007570326839250824,1.0007598780985878,1.0066393948119696,500,2000,109.36350873272697,0.42287832365607525
pythia410m_enron_N500_lr5e-5_seed42_400a,pythia-410m,enron,500,20,5e-05,42,minkpp,0.999974,1.0,0.994,0.995,0.026500000000000044,0.02685652018535325,0.11588036974689296,0.16278541324589235,0.11588036974689296,-0.879119630253107,8.58644136339303,25.0,0.015112833383118168,0.0869276520536422,0.02685652018535325,0.11588036974689296,0.07095788634492806,0.18835854950722047,0.23445561957787064,0.3423854695937538,0.999932975,0.999999,0.99795,1.0,0.98395,1.0,0.992,0.9995,0.020500000000000067,0.3255874999999999,0.02071232934976621,0.3939121798052279,0.10176524296086116,0.44379711789315907,0.14317577432322678,0.5706016728342461,0.10176524296086116,0.44379711789315907,-0.894278525624698,-0.5535256700085401,2.2497923641768844,9.782390452242645,500,2000,109.36350873272697,0.42287832365607525
pythia410m_enron_N500_lr5e-5_seed42_400a,pythia-410m,enron,500,20,5e-05,42,rmia,0.9777295,0.27,0.194,0.9365,0.8990000000000006,2.856119222394578,1.1950144815847585,0.9708288008745878,0.9708288008745878,0.034328800874587784,0.9646396966760132,25.0,2.743298530679217,0.967286043262495,2.856119222394578,0.9708288008745878,2.900976125831974,0.9721267732785257,3.118223580415664,0.9776319963092522,0.9718088874999999,0.98292355,0.236,0.32,0.164,0.25804999999999995,0.925,0.95,0.8860000000000007,0.9130000000000005,2.6575012022769653,3.076333145226776,1.1527144479511777,1.2402284335105913,0.9643011828306578,0.9766636601096378,0.9643011828306578,0.9766636601096378,0.024674524548377975,0.04190620875760547,0.9566246409836547,0.9746976478883401,500,2000,109.36350873272697,0.42287832365607525
run_id,model,corpus,n_members,epochs,lr,seed,attack,auroc,tpr_at_fpr_1pct,tpr_at_fpr_01pct,adv,tv_empirical,kl_score_space,pinsker,bh,bound,tightness_gap,adv_over_bound,samples_per_bin,kl_bins_15,bound_bins_15,kl_bins_20,bound_bins_20,kl_bins_30,bound_bins_30,kl_bins_50,bound_bins_50,auroc_ci_lo,auroc_ci_hi,tpr_at_fpr_1pct_ci_lo,tpr_at_fpr_1pct_ci_hi,tpr_at_fpr_01pct_ci_lo,tpr_at_fpr_01pct_ci_hi,adv_ci_lo,adv_ci_hi,tv_empirical_ci_lo,tv_empirical_ci_hi,kl_score_space_ci_lo,kl_score_space_ci_hi,pinsker_ci_lo,pinsker_ci_hi,bh_ci_lo,bh_ci_hi,bound_ci_lo,bound_ci_hi,tightness_gap_ci_lo,tightness_gap_ci_hi,adv_over_bound_ci_lo,adv_over_bound_ci_hi,n_members_scored,n_nonmembers_scored,perplexity,next_token_acc
pythia410m_enron_N6000_lr5e-5_seed42_cedb,pythia-410m,enron,6000,1,5e-05,42,loss,0.6282245833333333,0.010166666666666666,0.0006666666666666666,0.2396666666666667,0.2303333333333335,0.14986121061045327,0.2737345526330694,0.3730583843719924,0.2737345526330694,0.0340678859664027,0.8755440786020559,100.0,0.15214981272517178,0.27581679855038904,0.14986121061045327,0.2737345526330694,0.16372137466367848,0.2861130673909167,0.16647002042334758,0.2885047836894109,0.6139737125,0.6425209562499999,0.004,0.017333333333333333,0.00016666666666666666,0.0016666666666666668,0.21865833333333334,0.2653458333333333,0.21199583333333313,0.2586708333333333,0.12996867763077738,0.1844375662321995,0.25492025858770356,0.3036754566981696,0.34910895635482136,0.410399979668399,0.25492025858770356,0.3036754566981696,0.0246512534216007,0.050971002935320656,0.820762764734667,0.9107152889109651,6000,2000,16.670377196616556,0.49237649928847327
pythia410m_enron_N6000_lr5e-5_seed42_cedb,pythia-410m,enron,6000,1,5e-05,42,ref,0.7250451666666666,0.0165,0.0026666666666666666,0.4071666666666666,0.4025,0.46189390752190645,0.4805694057687747,0.6082029397175087,0.4805694057687747,0.0734027391021081,0.8472588179335209,100.0,0.44338146118571514,0.47084045131324215,0.46189390752190645,0.4805694057687747,0.4747056620122238,0.48718870164045464,0.4886660506097808,0.49430054147744,0.7098479458333334,0.7397514458333334,0.008666666666666666,0.021333333333333333,0.0003333333333333333,0.006666666666666667,0.38566666666666666,0.43166666666666664,0.3746625000000001,0.4273374999999999,0.42699937646603664,0.5251794819144536,0.46206026430251423,0.5124351089243944,0.5895218741535168,0.6391797864319416,0.46206026430251423,0.5124351089243944,0.06350052586255982,0.09563478921199986,0.8079346838834478,0.8666097759399305,6000,2000,16.670377196616556,0.49237649928847327
pythia410m_enron_N6000_lr5e-5_seed42_cedb,pythia-410m,enron,6000,1,5e-05,42,zlib,0.5570271666666666,0.013833333333333333,0.0006666666666666666,0.08900000000000002,0.07483333333333336,0.03349939320578777,0.1294206189248602,0.1815062036545749,0.1294206189248602,0.04042061892486018,0.6876802223583259,100.0,0.03145489304110037,0.1254091165767074,0.03349939320578777,0.1294206189248602,0.04474125611173294,0.14956813850505218,0.0636632890875997,0.1784142498339184,0.5433749,0.5706276791666667,0.0055,0.02266666666666667,0.00016666666666666666,0.0016666666666666668,0.07033333333333333,0.11567083333333333,0.06399999999999996,0.10883333333333338,0.02750889205810511,0.06188523346059267,0.11727930817254667,0.1759051354639256,0.16472385437897036,0.24496783424458757,0.11727930817254667,0.1759051354639256,0.024658841452498477,0.08233309732568135,0.4958273521626302,0.8062871795398548,6000,2000,16.670377196616556,0.49237649928847327
pythia410m_enron_N6000_lr5e-5_seed42_cedb,pythia-410m,enron,6000,1,5e-05,42,mink,0.6658163333333333,0.0105,0.0008333333333333334,0.2991666666666667,0.2851666666666665,0.22136327400297962,0.3326884984508629,0.44561699882684075,0.3326884984508629,0.03352183178419621,0.8992395831527452,100.0,0.21590386473062717,0.3285603937867642,0.22136327400297962,0.3326884984508629,0.23103131850671188,0.3398759468590797,0.23352830946045933,0.3417077036448398,0.6514786875,0.6801268833333334,0.00432916666666667,0.017333333333333333,0.00016666666666666666,0.0016666666666666668,0.276,0.3243541666666666,0.26349999999999985,0.31400833333333317,0.19398545797999123,0.2643339366033666,0.3114365540327811,0.36354774414030455,0.4199167943209894,0.48195732073941006,0.3114365540327811,0.36354774414030455,0.0242459727365764,0.050207804969142664,0.852877478735479,0.9272621533805075,6000,2000,16.670377196616556,0.49237649928847327
pythia410m_enron_N6000_lr5e-5_seed42_cedb,pythia-410m,enron,6000,1,5e-05,42,minkpp,0.75232225,0.017833333333333333,0.004833333333333334,0.44566666666666666,0.3419999999999996,0.2804717609551533,0.3744808145654149,0.4945429442568636,0.3744808145654149,-0.07118585210125178,1.1900921204304231,100.0,0.38768708559765885,0.4402766661984592,0.2804717609551533,0.3744808145654149,0.3931672205845041,0.4433775031417946,0.46439720343381313,0.4818699012357034,0.7384309666666666,0.766390684375,0.013329166666666671,0.02617083333333333,0.0,0.009,0.4241666666666667,0.47033749999999996,0.3253249999999996,0.4421666666666662,0.25265748542897987,0.46991315769567626,0.35542754725207437,0.4847231979703814,0.47251044233739437,0.6123262629501286,0.35542754725207437,0.4847231979703814,-0.08855462012741636,0.03487220877437407,0.9280209100546282,1.2425843984219023,6000,2000,16.670377196616556,0.49237649928847327
pythia410m_enron_N6000_lr5e-5_seed42_cedb,pythia-410m,enron,6000,1,5e-05,42,rmia,0.7250665833333333,0.014,0.0021666666666666666,0.4065,0.4013333333333333,0.4717421231825561,0.4856655861714705,0.6132581958439193,0.4856655861714705,0.07916558617147051,0.8369956850442352,100.0,0.4632584446268545,0.48127873661052933,0.4717421231825561,0.4856655861714705,0.47205810320485747,0.4858282120281085,0.4843460883690233,0.4921108047833452,0.7098512927083334,0.7397507031249999,0.0095,0.021666666666666667,0.0008333333333333334,0.007337499999999996,0.38499583333333337,0.4305083333333333,0.3778291666666667,0.4255041666666667,0.43349994096049066,0.5226966232631316,0.4655641412871206,0.5112223697863794,0.5930966762046065,0.6380285963346408,0.4655641412871206,0.5112223697863794,0.06934846071597592,0.09356364710148928,0.8098702693475562,0.8570940708718638,6000,2000,16.670377196616556,0.49237649928847327
pythia410m_enron_N6000_lr5e-5_seed42_cedb,pythia-410m,enron,6000,2,5e-05,42,loss,0.73756825,0.011166666666666667,0.0026666666666666666,0.45499999999999996,0.4426666666666664,0.5089290230750904,0.5044447556844507,0.6315543996954315,0.5044447556844507,0.049444755684450725,0.9019818223358034,100.0,0.5004766602229275,0.5002382733372804,0.5089290230750904,0.5044447556844507,0.5110053852169121,0.5054727417066681,0.5244935862119872,0.5121003740537529,0.7233919833333333,0.7512975479166667,0.004666666666666667,0.017504166666666664,0.0005,0.003833333333333333,0.4346625,0.479175,0.42282916666666637,0.46916666666666673,0.4644707778461201,0.5620208999867828,0.4819080709138204,0.5301041823311461,0.609534563071793,0.6557012386751327,0.4819080709138204,0.5301041823311461,0.039112300759870086,0.06203688296062969,0.877381609460069,0.9219152171713687,6000,2000,14.841441407402678,0.5200564941526412
pythia410m_enron_N6000_lr5e-5_seed42_cedb,pythia-410m,enron,6000,2,5e-05,42,ref,0.810541,0.017166666666666667,0.0023333333333333335,0.612,0.6086666666666667,0.9430542697374594,0.686678334352213,0.7813855816898962,0.686678334352213,0.07467833435221305,0.8912469920539114,100.0,0.8993952143897147,0.6705949650831396,0.9430542697374594,0.686678334352213,0.9516113168609729,0.6897866760314282,0.9751315362780659,0.6982590981426829,0.7967169583333333,0.8239994604166666,0.009833333333333333,0.0235,0.0006666666666666666,0.0065,0.5919958333333333,0.6350041666666667,0.5861666666666667,0.6305083333333334,0.8922841996081389,1.0215351444340541,0.6679386939733162,0.7146800488415486,0.7682975951366218,0.7999738748541024,0.6679386939733162,0.7146800488415486,0.06732774440077789,0.08766463345345306,0.874088346587791,0.901736460016465,6000,2000,14.841441407402678,0.5200564941526412
pythia410m_enron_N6000_lr5e-5_seed42_cedb,pythia-410m,enron,6000,2,5e-05,42,zlib,0.6252440833333334,0.019,0.006,0.1866666666666666,0.1689999999999999,0.1034958638297637,0.22748171775965173,0.31356059663947505,0.22748171775965173,0.04081505109298514,0.8205787634498667,100.0,0.10351519227053423,0.2275029585198116,0.1034958638297637,0.22748171775965173,0.11436133603868903,0.23912479591072214,0.12118505282063011,0.24615549234237097,0.6117924125,0.6389890270833334,0.011333333333333334,0.033666666666666664,0.0026666666666666666,0.008,0.16732916666666667,0.21400416666666666,0.1496583333333332,0.19433333333333316,0.08819975897731679,0.12921629860414674,0.20999971258437136,0.25418133104383345,0.2905547040430817,0.348161075092135,0.20999971258437136,0.25418133104383345,0.026387436049106115,0.0577328657850251,0.7531125203290499,0.883884962903206,6000,2000,14.841441407402678,0.5200564941526412
pythia410m_enron_N6000_lr5e-5_seed42_cedb,pythia-410m,enron,6000,2,5e-05,42,mink,0.7862137083333334,0.011166666666666667,0.0026666666666666666,0.5333333333333333,0.529333333333334,0.7311965811449959,0.6046472447406818,0.7201856068114055,0.6046472447406818,0.07131391140734844,0.8820569976500378,100.0,0.7242723961600032,0.6017775320498444,0.7311965811449959,0.6046472447406818,0.7376902416835253,0.6073262062860145,0.7517236605067295,0.613075713312283,0.773040825,0.7998545729166666,0.005833333333333334,0.017666666666666667,0.0005,0.004,0.5131625,0.5578333333333333,0.5076625000000006,0.5525083333333332,0.6810801480131138,0.8093275108052107,0.5835581148290674,0.6361318694630174,0.702801488500183,0.7448776213626012,0.5835581148290674,0.6361318694630174,0.05984946264501092,0.08649633781945198,0.8602387936397646,0.9000949819989786,6000,2000,14.841441407402678,0.5200564941526412
pythia410m_enron_N6000_lr5e-5_seed42_cedb,pythia-410m,enron,6000,2,5e-05,42,minkpp,0.8792893749999999,0.026833333333333334,0.005833333333333334,0.7091666666666667,0.6061666666666665,1.0753822796987142,0.7332742596391593,0.8116850934734517,0.7332742596391593,0.024107592972492542,0.9671233612040933,100.0,1.1673272462420932,0.7639788106492527,1.0753822796987142,0.7332742596391593,1.1947030864330812,0.7728852070110674,1.2753894608403722,0.7985579067420133,0.8677271104166666,0.8911308677083334,0.01432916666666667,0.036,0.0036666666666666666,0.0085,0.6929958333333333,0.7295083333333333,0.5928333333333333,0.7051708333333333,1.0166229642270406,1.326411410847651,0.7129596637202581,0.8143744258153578,0.7988649818825732,0.857071720139013,0.7129596637202581,0.8143744258153578,0.01131302064708321,0.09362305550492854,0.8831376986826864,0.9841720848764155,6000,2000,14.841441407402678,0.5200564941526412
pythia410m_enron_N6000_lr5e-5_seed42_cedb,pythia-410m,enron,6000,2,5e-05,42,rmia,0.8105213333333334,0.013,0.0008333333333333334,0.6118333333333333,0.6091666666666666,0.9347773648066061,0.6836583082237084,0.7793116971457078,0.6836583082237084,0.07182497489037509,0.8949402442325438,100.0,0.928799660676409,0.6814688770136201,0.9347773648066061,0.6836583082237084,0.94412911891659,0.6870695448484782,0.9526380403422348,0.6901586920202609,0.7966793010416667,0.8240190854166667,0.010666666666666666,0.024004166666666663,0.0018333333333333333,0.010333333333333333,0.5916625,0.6346708333333334,0.5873208333333333,0.6321708333333333,0.8809794506266762,1.0088269480970609,0.6636939997372996,0.710220721927435,0.7652601837016949,0.7970906608443229,0.6636939997372996,0.710220721927435,0.06563101371020677,0.08197537669588052,0.8808473996235856,0.9033024510539277,6000,2000,14.841441407402678,0.5200564941526412
pythia410m_enron_N6000_lr5e-5_seed42_cedb,pythia-410m,enron,6000,3,5e-05,42,loss,0.8257994166666667,0.021666666666666667,0.001,0.6281666666666667,0.6113333333333331,0.9772530215016051,0.6990182477952936,0.7897192617025741,0.6990182477952936,0.070851581128627,0.8986412996340322,100.0,0.9573814376187442,0.6918747854990613,0.9772530215016051,0.6990182477952936,0.9900909902358197,0.7035946952030763,1.00422590420967,0.7085992888119738,0.8129262458333334,0.8385149104166666,0.003833333333333333,0.0328375,0.0,0.0028333333333333335,0.6088208333333334,0.6495041666666667,0.5924875000000004,0.6390041666666674,0.9135035306070883,1.0606964156028493,0.675834125484052,0.7282500997198809,0.7738756774100419,0.8085699615966876,0.675834125484052,0.7282500997198809,0.059395888725733405,0.08628126364636962,0.8795712003400963,0.913853216760691,6000,2000,16.148447251720402,0.5285894651244905
pythia410m_enron_N6000_lr5e-5_seed42_cedb,pythia-410m,enron,6000,3,5e-05,42,ref,0.8650940833333334,0.030833333333333334,0.006833333333333334,0.6923333333333332,0.6866666666666668,1.2234731486762214,0.7821359052863579,0.8401151306538485,0.7821359052863579,0.08980257195302466,0.8851829057507009,100.0,1.2167216397196425,0.7799748841211628,1.2234731486762214,0.7821359052863579,1.243466019207077,0.7885004816761614,1.3084595544676965,0.8088447176274617,0.8528351020833332,0.8766005895833333,0.01932916666666667,0.0453375,0.003,0.01134166666666666,0.6728333333333333,0.7115083333333333,0.6654874999999999,0.7066666666666668,1.1690222625495585,1.3337368333136639,0.7645332766863973,0.8166201176663838,0.8302586661701583,0.8582011429363468,0.7645332766863973,0.8166201176663838,0.08347927829467408,0.11344711924833502,0.8590122578504746,0.8922501903743735,6000,2000,16.148447251720402,0.5285894651244905
pythia410m_enron_N6000_lr5e-5_seed42_cedb,pythia-410m,enron,6000,3,5e-05,42,zlib,0.71587225,0.03283333333333333,0.0028333333333333335,0.32433333333333336,0.31799999999999984,0.28376558128561297,0.37667332085350363,0.4970481586526958,0.37667332085350363,0.05233998752017027,0.8610467356658731,100.0,0.2552539321822362,0.3572491652770068,0.28376558128561297,0.37667332085350363,0.29772426804762636,0.3858265595106345,0.31056259564805555,0.3940574803553763,0.7034749791666667,0.7294154187499999,0.012833333333333334,0.051,0.0003333333333333333,0.0075,0.30483333333333335,0.3511708333333333,0.29366250000000044,0.3406666666666668,0.2557423013702821,0.32393135241371923,0.3575907586452852,0.402449593922763,0.4750352725223332,0.5260229133084291,0.3575907586452852,0.402449593922763,0.04042699396582239,0.06186149437155721,0.8370936836549565,0.8917875915810034,6000,2000,16.148447251720402,0.5285894651244905
pythia410m_enron_N6000_lr5e-5_seed42_cedb,pythia-410m,enron,6000,3,5e-05,42,mink,0.8635271666666666,0.019833333333333335,0.001,0.6871666666666667,0.6811666666666671,1.340518662014717,0.818693673486829,0.8592380959944594,0.818693673486829,0.13152700682016227,0.8393452751870102,100.0,1.3206185543088305,0.8125941650999072,1.340518662014717,0.818693673486829,1.3560018619001741,0.8234081193127057,1.36999740458652,0.8276464838886588,0.8510706541666667,0.8759785541666667,0.003833333333333333,0.0338375,0.0,0.0028333333333333335,0.6699875000000001,0.7071666666666667,0.6620000000000003,0.700666666666666,1.2580649389261012,1.4546133120415254,0.7931156721557356,0.852822757116505,0.8460476074968702,0.8755052050250459,0.7931156721557356,0.852822757116505,0.11670681645358283,0.15392310807890752,0.8186435910650853,0.8544838395931452,6000,2000,16.148447251720402,0.5285894651244905
pythia410m_enron_N6000_lr5e-5_seed42_cedb,pythia-410m,enron,6000,3,5e-05,42,minkpp,0.9303371666666668,0.044,0.0145,0.8225,0.8155,1.7866117555156624,0.9451486008865649,0.9123996761329659,0.9123996761329659,0.0898996761329659,0.9014689740860181,100.0,1.6439759828341334,0.8982147225450019,1.7866117555156624,0.9123996761329659,1.7763153578491733,0.9114490305733632,1.8590146420331013,0.918789366920936,0.9211791958333334,0.94001131875,0.027329166666666672,0.082,0.0003333333333333333,0.018666666666666668,0.8088291666666666,0.8403333333333334,0.7806666666666667,0.8298458333333334,1.6851081609144432,1.9250297049364786,0.9179074459135467,0.9810784103911324,0.902538433052461,0.9241907649687376,0.902538433052461,0.9241907649687376,0.08022263577948517,0.09810042935909033,0.8926520812767754,0.9123640700612442,6000,2000,16.148447251720402,0.5285894651244905
pythia410m_enron_N6000_lr5e-5_seed42_cedb,pythia-410m,enron,6000,3,5e-05,42,rmia,0.865108625,0.0265,0.0016666666666666668,0.6913333333333334,0.6776666666666666,1.2043979285043531,0.7760147964131718,0.8367362249525123,0.7760147964131718,0.08468146307983848,0.8908764839649376,100.0,1.2011717516652791,0.7749747581906391,1.2043979285043531,0.7760147964131718,1.2159087374138557,0.7797142865863931,1.2203233875758535,0.7811284745724782,0.8528812041666667,0.87660975625,0.023995833333333338,0.046504166666666666,0.005666666666666667,0.012670833333333329,0.6723291666666666,0.7108333333333333,0.6591583333333333,0.6985041666666667,1.1404772722117351,1.2890388057463649,0.7551414674215783,0.8028196571929619,0.8248233641091145,0.851154803485306,0.7551414674215783,0.8028196571929619,0.07660761365326081,0.0970877727764914,0.8773187755456114,0.9005119621617509,6000,2000,16.148447251720402,0.5285894651244905
pythia410m_enron_N6000_lr5e-5_seed42_cedb,pythia-410m,enron,6000,5,5e-05,42,loss,0.9241129166666666,0.03283333333333333,0.0016666666666666668,0.8109999999999999,0.8070000000000016,1.783797831240292,0.9444040002139689,0.9121409415849799,0.9121409415849799,0.10114094158498,0.8891169807494523,100.0,1.8440232454383492,0.917507630350168,1.783797831240292,0.9121409415849799,1.892983373200193,0.92161717817595,2.0302354516241468,0.9320383030611461,0.9143378729166667,0.9343280854166667,0.0074875000000000115,0.05084166666666666,0.0005,0.0036666666666666666,0.7964958333333333,0.8283333333333334,0.7901666666666682,0.8241708333333351,1.6774958020819852,1.9050634697525348,0.9158318068500574,0.9759773229282829,0.9017531359163697,0.9225978554099262,0.9017531359163697,0.9225978554099262,0.09247158283096785,0.10803707792195748,0.8809186210075198,0.8996344880444274,6000,2000,23.1018315966403,0.5319384556125015
pythia410m_enron_N6000_lr5e-5_seed42_cedb,pythia-410m,enron,6000,5,5e-05,42,ref,0.9208108333333334,0.13416666666666666,0.067,0.7626666666666666,0.7560000000000002,1.756419867028773,0.9371285576239722,0.9095812711301151,0.9095812711301151,0.1469146044634485,0.8384810581236865,100.0,1.931349747317038,0.9246878298920839,1.756419867028773,0.9095812711301151,1.932714879749795,0.9247947485752052,2.017717250516487,0.9311505623862103,0.9117586583333334,0.93019775625,0.103,0.15950416666666667,0.024833333333333332,0.07466666666666667,0.7476666666666667,0.7813333333333333,0.7393333333333336,0.7751708333333336,1.670688079188594,2.2447457467006298,0.9139715748244464,1.0594210012790173,0.9010451812680983,0.9455397972929449,0.9010451812680983,0.9455397972929449,0.13699761112769193,0.18174791187908196,0.8059787022989124,0.849323578480201,6000,2000,23.1018315966403,0.5319384556125015
pythia410m_enron_N6000_lr5e-5_seed42_cedb,pythia-410m,enron,6000,5,5e-05,42,zlib,0.8876331666666666,0.10233333333333333,0.013166666666666667,0.6483333333333333,0.5913333333333318,0.820648259767175,0.6405654766560461,0.7482337650040544,0.6405654766560461,-0.007767856677287188,1.012126561546585,100.0,0.7050628005233143,0.5937435475537036,0.820648259767175,0.6405654766560461,1.004109447714153,0.708558200754939,1.1401751737763075,0.7550414471326417,0.8780620666666666,0.8967602458333334,0.044,0.15004166666666663,0.006833333333333334,0.023837499999999998,0.6311666666666667,0.67,0.5718249999999985,0.6333333333333329,0.7721451730208817,0.9516360116616553,0.6213473951426577,0.6897956243560355,0.7334705911565332,0.7835120722464944,0.6213473951426577,0.6897956243560355,-0.02531089333353646,0.035524094127504735,0.9482017239357514,1.0401013669653083,6000,2000,23.1018315966403,0.5319384556125015
pythia410m_enron_N6000_lr5e-5_seed42_cedb,pythia-410m,enron,6000,5,5e-05,42,mink,0.9333670833333334,0.0365,0.0018333333333333333,0.8274999999999999,0.826166666666666,2.1869958457112095,1.0457045102970555,0.9422030198821729,0.9422030198821729,0.11470301988217302,0.8782608233451458,100.0,2.142973714282116,0.9395182324846226,2.1869958457112095,0.9422030198821729,2.1917717800554906,0.9424867997402738,2.2417907281420493,0.9453739806403127,0.9238635645833333,0.9432682833333332,0.008,0.05600416666666667,0.0005,0.004,0.8149958333333333,0.8440124999999999,0.8129958333333335,0.8426666666666667,2.0498219232296533,2.362384837958691,1.0123788626710581,1.0868267643952472,0.9334035406184809,0.9517377172694145,0.9334035406184809,0.9517377172694145,0.10310476070101215,0.12391704384464701,0.8682778649768805,0.8910077057479786,6000,2000,23.1018315966403,0.5319384556125015
pythia410m_enron_N6000_lr5e-5_seed42_cedb,pythia-410m,enron,6000,5,5e-05,42,minkpp,0.97344525,0.2405,0.1185,0.8943333333333334,0.8666666666666654,2.0212608238205485,1.0053011548338509,0.9314030731615746,0.9314030731615746,0.03706973982824113,0.9602001100314058,100.0,1.823050940003594,0.9156788883613552,2.0212608238205485,0.9314030731615746,2.2516309968456123,0.9459241730330185,2.5533949482458365,0.9603035810360961,0.9685876104166666,0.9789033708333333,0.1541625,0.3391875,0.038,0.13234166666666666,0.8833333333333333,0.9071666666666667,0.8513291666666652,0.8843333333333351,1.9084598681682108,2.1882792553905897,0.9768469335860198,1.0460112872970426,0.9228712647954618,0.9422794120060158,0.9228712647954618,0.9422794120060158,0.028014574444711445,0.04646374088339831,0.9504843381655783,0.9698969584896386,6000,2000,23.1018315966403,0.5319384556125015
pythia410m_enron_N6000_lr5e-5_seed42_cedb,pythia-410m,enron,6000,5,5e-05,42,rmia,0.9208192500000001,0.13416666666666666,0.0415,0.762,0.7610000000000001,1.581879380757846,0.8893479017678756,0.8912977302224044,0.8893479017678756,0.12734790176787558,0.8568075535853527,100.0,1.5956211823395736,0.8928703576399611,1.581879380757846,0.8893479017678756,1.6143088024979755,0.8949702840336332,1.6294090002144745,0.8966351528424746,0.9118014083333333,0.9302098145833333,0.1215,0.16067083333333335,0.03833333333333333,0.07950833333333333,0.7468291666666667,0.7806708333333333,0.7438333333333336,0.7778375000000003,1.499777900538938,1.6873872174532407,0.865961285348352,0.9185279573832349,0.881374082531745,0.9027722503047095,0.865961285348352,0.9027722503047095,0.11465584808207413,0.13440653641737593,0.8494666238698874,0.8691111815473759,6000,2000,23.1018315966403,0.5319384556125015
pythia410m_enron_N6000_lr5e-5_seed42_cedb,pythia-410m,enron,6000,10,5e-05,42,loss,0.99305025,0.8098333333333333,0.23733333333333334,0.9503333333333333,0.9028333333333352,2.331519217718296,1.079703481914895,0.9501852209489541,0.9501852209489541,-0.00014811238437917318,1.000155877381708,100.0,2.152631667048041,0.9401180706348751,2.331519217718296,0.9501852209489541,2.5770055613853864,0.9612485398242308,2.8697034965047057,0.9712282221484673,0.9904019395833333,0.9954893916666666,0.5132583333333334,0.9161833333333333,0.19766666666666666,0.33018333333333333,0.9423291666666667,0.9608375,0.8908333333333351,0.9225041666666675,2.2149258635153175,2.5575678366865597,1.0523606471914466,1.1308332775125358,0.9438423561131675,0.9604722791896055,0.9438423561131675,0.9604722791896055,-0.006889248383897906,0.009944517431459179,0.9895919682360828,1.0073158182720343,6000,2000,43.06655636082295,0.5366035030654498
pythia410m_enron_N6000_lr5e-5_seed42_cedb,pythia-410m,enron,6000,10,5e-05,42,ref,0.9418410416666667,0.22383333333333333,0.1505,0.8136666666666666,0.8039999999999999,2.612649517674058,1.1429456499926096,0.9626318244447929,0.9626318244447929,0.14896515777812624,0.8452521992361479,100.0,2.462788715354983,0.9564533291749961,2.612649517674058,0.9626318244447929,2.772742401766837,0.9682507961434553,3.174596687628397,0.9788713073924747,0.9340158208333333,0.9493284135416666,0.1916625,0.2443375,0.08766666666666667,0.16217083333333332,0.7981666666666667,0.8305125,0.7873333333333331,0.8225083333333336,2.4667867882609107,3.3073885433636683,1.1105824556671369,1.285960446542709,0.9566310218277525,0.981523479303752,0.9566310218277525,0.981523479303752,0.13565850954918818,0.17481046878868564,0.8211827632129955,0.859600411928034,6000,2000,43.06655636082295,0.5366035030654498
pythia410m_enron_N6000_lr5e-5_seed42_cedb,pythia-410m,enron,6000,10,5e-05,42,zlib,0.9896863333333333,0.7326666666666667,0.5271666666666667,0.9076666666666666,0.6566666666666663,1.067160133615808,0.7304656506694234,0.8099481463392201,0.7304656506694234,-0.17720101599724325,1.242586377381127,100.0,0.8611186587091262,0.6561701984657358,1.067160133615808,0.7304656506694234,1.4717722684883692,0.857838058286169,1.950417556737949,0.9261670062734034,0.9874608312500001,0.9918406145833334,0.6851458333333333,0.8063416666666666,0.2871666666666667,0.6006708333333334,0.8963291666666666,0.9198333333333333,0.6383333333333331,0.731020833333334,1.0147247595656328,1.312947765333473,0.7122937453887295,0.8102307588862744,0.7984345987730289,0.854970256010525,0.7122937453887295,0.8102307588862744,-0.19466055119336895,-0.10238806053220592,1.1268099965695504,1.271310666922517,6000,2000,43.06655636082295,0.5366035030654498
pythia410m_enron_N6000_lr5e-5_seed42_cedb,pythia-410m,enron,6000,10,5e-05,42,mink,0.9936635833333334,0.8285,0.2981666666666667,0.9508333333333333,0.9471666666666664,2.9768291059797116,1.2200059643255257,0.9741898438301398,0.9741898438301398,0.023356510496806537,0.9760246828226234,100.0,2.831080474380313,0.9700777668686759,2.9768291059797116,0.9741898438301398,3.2909212708997972,0.9812137665598536,3.9705477784990455,0.9905235496921044,0.99122245,0.9959125208333334,0.5610958333333335,0.9253416666666666,0.25516666666666665,0.374525,0.9436666666666667,0.962,0.9376666666666675,0.9581708333333341,2.8090448172889104,3.229814812418416,1.1851254776149645,1.2707900709591982,0.9694005703053545,0.980017945783354,0.9694005703053545,0.980017945783354,0.017177477345939867,0.027481595375371582,0.9717281291516214,0.9823840478209707,6000,2000,43.06655636082295,0.5366035030654498
pythia410m_enron_N6000_lr5e-5_seed42_cedb,pythia-410m,enron,6000,10,5e-05,42,minkpp,0.9956186666666667,0.8955,0.4745,0.9510000000000001,0.06200000000000003,0.06400432803317252,0.17889148670796567,0.2489961047431048,0.17889148670796567,-0.7721085132920344,5.316071868486819,100.0,0.03200605153498806,0.12650306623751864,0.06400432803317252,0.17889148670796567,0.1578226722748462,0.28091161623796035,0.37572551598082254,0.43343137633356826,0.9941789604166668,0.9969541770833333,0.8566250000000001,0.9142083333333333,0.4468291666666667,0.6411791666666666,0.9438333333333333,0.9611666666666666,0.05349999999999993,0.43967083333333373,0.05498341538409431,0.5770898148398204,0.16580623538349426,0.5371637576116003,0.2312988431093205,0.6621705534050406,0.16580623538349426,0.5371637576116003,-0.7892611518331787,-0.41450266517764967,1.7693398574215635,5.733500492477693,6000,2000,43.06655636082295,0.5366035030654498
pythia410m_enron_N6000_lr5e-5_seed42_cedb,pythia-410m,enron,6000,10,5e-05,42,rmia,0.941833625,0.21516666666666667,0.14,0.8131666666666666,0.7975000000000002,1.839276787739652,0.9589777859105111,0.9170974177478279,0.9170974177478279,0.10393075108116134,0.8866742517535482,100.0,1.805874288804086,0.9141494838135262,1.839276787739652,0.9170974177478279,1.8464167021248383,0.9177136783393489,1.9114122367049935,0.9231081141256307,0.933983309375,0.9493225020833334,0.20599583333333332,0.2465,0.0986625,0.16500833333333334,0.7973333333333333,0.83,0.7825000000000002,0.8151708333333335,1.7371549504783843,1.9692680852942708,0.9319750400208672,0.992287277502333,0.9077331789108785,0.9275996086953068,0.9077331789108785,0.9275996086953068,0.09471659063518979,0.1135126451938572,0.875525155734922,0.8973145224167773,6000,2000,43.06655636082295,0.5366035030654498
pythia410m_enron_N6000_lr5e-5_seed42_cedb,pythia-410m,enron,6000,15,5e-05,42,loss,0.9966075,0.9503333333333334,0.4811666666666667,0.9651666666666667,0.9048333333333332,2.352369057212739,1.0845204141031046,0.9512394574295229,0.9512394574295229,-0.013927209237143856,1.0146411180995145,100.0,2.210278239206458,0.943572927896897,2.352369057212739,0.9512394574295229,2.6157900988361864,0.9627512649989116,2.8605312522719584,0.9709591421957543,0.9949383854166667,0.9980349625,0.8031625,0.9795,0.36066250000000005,0.6038375,0.96,0.9726708333333334,0.8929875,0.9220041666666668,2.2348234274809693,2.5511332699521185,1.057076956504725,1.1294098544908555,0.9449809281282837,0.9602118300600367,0.9449809281282837,0.9602118300600367,-0.02152940670002424,-0.006299955727394532,1.0066040178284332,1.0226927954239184,6000,2000,50.119898413303744,0.5374541252501043
pythia410m_enron_N6000_lr5e-5_seed42_cedb,pythia-410m,enron,6000,15,5e-05,42,ref,0.9434260000000001,0.23266666666666666,0.156,0.8178333333333334,0.8074999999999996,2.6659401245283645,1.154543226676326,0.9646066803514478,0.9646066803514478,0.1467733470181144,0.8478412496950171,100.0,2.498611909295433,0.9580193008678941,2.6659401245283645,0.9646066803514478,2.8398420132647626,0.9703427759436839,3.1666723570984225,0.9787013826018163,0.9356577479166667,0.9508251020833334,0.2011625,0.25183333333333335,0.091,0.17050416666666668,0.8028333333333333,0.834675,0.7898291666666668,0.8254999999999997,2.5345623828223687,3.330336701349279,1.1257358443582262,1.2904140155448995,0.9595330045072364,0.9819465032252495,0.9595330045072364,0.9819465032252495,0.13414635121678226,0.17105242907051446,0.825228746800191,0.860900767142204,6000,2000,50.119898413303744,0.5374541252501043
pythia410m_enron_N6000_lr5e-5_seed42_cedb,pythia-410m,enron,6000,15,5e-05,42,zlib,0.9938318333333334,0.8246666666666667,0.624,0.9265,0.6583333333333331,1.072857399219663,0.7324129297123526,0.8111536204061836,0.7324129297123526,-0.19408707028764738,1.264996783117787,100.0,0.8722719307820027,0.6604059095669885,1.072857399219663,0.7324129297123526,1.4922842483205316,0.8637951864650936,1.9508804777767765,0.9262025385624664,0.9922877354166667,0.9952765020833333,0.7794958333333333,0.8861666666666667,0.4194875,0.6936666666666667,0.9171625,0.938,0.6403250000000003,0.7380125,1.0216166123889778,1.3394558027450174,0.7147085428877453,0.8183690445506393,0.7999922011258366,0.8590761219121407,0.7147085428877453,0.8183690445506393,-0.21250279286495477,-0.11210570253452101,1.137389409051856,1.2960340731912796,6000,2000,50.119898413303744,0.5374541252501043
pythia410m_enron_N6000_lr5e-5_seed42_cedb,pythia-410m,enron,6000,15,5e-05,42,mink,0.9968625833333333,0.9533333333333334,0.5135,0.9668333333333333,0.9510000000000007,3.0219646479216413,1.2292202097105387,0.9753433060873391,0.9753433060873391,0.008509972754005779,0.9912748950027205,100.0,2.8344933856848464,0.9701812815055809,3.0219646479216413,0.9753433060873391,3.3255054899969836,0.9818582689980715,4.327300260557354,0.9933764923396053,0.9953139270833333,0.99820010625,0.8164958333333333,0.9811708333333333,0.39516666666666667,0.6365083333333332,0.9613333333333334,0.974,0.9415000000000009,0.9615041666666674,2.843306029564422,3.2674553068367658,1.1923309166341312,1.2781735587222955,0.9704468929625398,0.9807633411863776,0.9704468929625398,0.9807633411863776,0.0023410194129504093,0.01308981098004706,0.9866320470825536,0.9975972100500858,6000,2000,50.119898413303744,0.5374541252501043
pythia410m_enron_N6000_lr5e-5_seed42_cedb,pythia-410m,enron,6000,15,5e-05,42,minkpp,0.9980476666666667,0.9471666666666667,0.7188333333333333,0.9683333333333334,0.03349999999999997,0.03407301078276611,0.13052396481636258,0.1830274922751179,0.13052396481636258,-0.8378093685169707,7.418816419618464,100.0,0.02275635495264254,0.10666854023713492,0.03407301078276611,0.13052396481636258,0.07149465344079846,0.18906963458048792,0.16546253644768663,0.287630436887064,0.99711175,0.9988006770833333,0.9036541666666666,0.9670041666666667,0.5143291666666666,0.8583333333333333,0.962,0.9755,0.026999999999999937,0.2615125000000003,0.02737032860397372,0.30314917481237896,0.11698360697972186,0.3893258054657243,0.16431419673497974,0.5113815266973445,0.11698360697972186,0.3893258054657243,-0.8529534875092878,-0.5802669405782517,2.491983453246843,8.280328074262682,6000,2000,50.119898413303744,0.5374541252501043
pythia410m_enron_N6000_lr5e-5_seed42_cedb,pythia-410m,enron,6000,15,5e-05,42,rmia,0.9434054583333334,0.23016666666666666,0.1395,0.8165,0.8051666666666668,1.8617729211433487,0.9648245750247422,0.9190229161535616,0.9190229161535616,0.10252291615356157,0.8884435694132019,100.0,1.8343807117599336,0.9166720356014153,1.8617729211433487,0.9190229161535616,1.874056433165834,0.9200544898024536,1.9249112292904802,0.9241814178366441,0.9356475729166667,0.9507712822916667,0.2085,0.258,0.0951625,0.1735541666666666,0.8016666666666666,0.8336708333333334,0.7906625000000002,0.8228458333333335,1.7572915250371612,1.988039719034371,0.9373610627183525,0.9970054420335288,0.9096639624204537,0.9289974923620781,0.9096639624204537,0.9289974923620781,0.09209924811315645,0.11068681106666729,0.8787291808097468,0.9003321250639678,6000,2000,50.119898413303744,0.5374541252501043
pythia410m_enron_N6000_lr5e-5_seed42_cedb,pythia-410m,enron,6000,20,5e-05,42,loss,0.9980654166666667,0.9743333333333334,0.6168333333333333,0.9741666666666667,0.9059999999999999,2.3644572836833286,1.0873033807735835,0.9518401640899627,0.9518401640899627,-0.022326502576703988,1.023456146755532,100.0,2.2302619593574167,0.9447220407366093,2.3644572836833286,0.9518401640899627,2.6310843552533316,0.9633273867485814,2.8707834111700046,0.9712597359090424,0.9970179979166667,0.9989274687499999,0.8984625,0.9888375,0.5476666666666666,0.8348458333333333,0.9695,0.9805041666666667,0.8944875000000001,0.9234999999999993,2.2489229340124464,2.5704610524865315,1.0604062602082445,1.1336800810825185,0.9457733142074694,0.9609889350800596,0.9457733142074694,0.9609889350800596,-0.029124480354071676,-0.013727073164229922,1.014337764216764,1.0306837528817168,6000,2000,54.12771655975339,0.5360150223087705
pythia410m_enron_N6000_lr5e-5_seed42_cedb,pythia-410m,enron,6000,20,5e-05,42,ref,0.9445529166666666,0.23966666666666667,0.15866666666666668,0.8203333333333334,0.8148333333333335,2.6987310776908098,1.1616219431662802,0.9657686858440787,0.9657686858440787,0.14543535251074535,0.8494097451672546,100.0,2.547970815065369,0.9600831896224076,2.6987310776908098,0.9657686858440787,2.8920374630874757,0.9718728860262645,3.233427789181051,0.9800907426601618,0.9368840083333333,0.9518801833333334,0.20249583333333335,0.2581708333333333,0.097,0.17316666666666666,0.806,0.8373333333333334,0.7938333333333334,0.8308333333333332,2.5674054290247437,3.3753925725796066,1.1330060444213768,1.2991136495048115,0.9608671111057195,0.9827488522148315,0.9608671111057195,0.9827488522148315,0.13309148904048015,0.16871325919964794,0.8275865237714544,0.8622896017841043,6000,2000,54.12771655975339,0.5360150223087705
pythia410m_enron_N6000_lr5e-5_seed42_cedb,pythia-410m,enron,6000,20,5e-05,42,zlib,0.9955841666666667,0.8776666666666667,0.7123333333333334,0.9390000000000001,0.6619999999999996,1.0847067385684606,0.736446446990024,0.813633274892476,0.736446446990024,-0.20255355300997602,1.2750417954188593,100.0,0.8758667947148475,0.6617653642775692,1.0847067385684606,0.736446446990024,1.5005796747953446,0.8661927253202213,1.9595506910662501,0.9268647559982885,0.9944387583333333,0.9966708604166666,0.8318333333333333,0.9076708333333333,0.5328333333333334,0.7570458333333333,0.93,0.9491666666666667,0.6434999999999993,0.7389999999999995,1.0314187153309977,1.343232174197363,0.7181290675536666,0.8195218649302052,0.8021840010655173,0.8596506825225275,0.7181290675536666,0.8195218649302052,-0.22020425791319403,-0.12313072081124866,1.1504747024308728,1.306010459294771,6000,2000,54.12771655975339,0.5360150223087705
pythia410m_enron_N6000_lr5e-5_seed42_cedb,pythia-410m,enron,6000,20,5e-05,42,mink,0.9981966666666666,0.976,0.6366666666666667,0.9753333333333334,0.9501666666666666,3.003032552464053,1.2253637322166944,0.9748659830099573,0.9748659830099573,-0.0004673503233760812,1.0004793995600638,100.0,2.845811534960453,0.9705219688971093,3.003032552464053,0.9748659830099573,3.4581222757559082,0.9841296490364064,4.433546495929136,0.9940461207493292,0.9972133708333333,0.9990118916666667,0.9068250000000001,0.9898333333333333,0.5698333333333333,0.8510125,0.9705,0.9815,0.9411625,0.9611750000000001,2.836018552226495,3.254558647532402,1.1908019459662633,1.2756485382584615,0.9702274220549946,0.9805111325424406,0.9702274220549946,0.9805111325424406,-0.006379018572157292,0.004730031326702359,0.9951826366163605,1.0065653058430952,6000,2000,54.12771655975339,0.5360150223087705
pythia410m_enron_N6000_lr5e-5_seed42_cedb,pythia-410m,enron,6000,20,5e-05,42,minkpp,0.9996038333333334,0.9895,0.962,0.9800000000000001,0.032,0.03252222506569628,0.1275190673305296,0.1788828227979411,0.1275190673305296,-0.8524809326694704,7.685125217077057,100.0,0.019182093954956552,0.09793389085234118,0.03252222506569628,0.1275190673305296,0.05709825299476551,0.16896486764230828,0.12103635300823887,0.24600442374908513,0.9994160729166667,0.99975618125,0.983,0.9936666666666667,0.9031666666666667,0.9663333333333334,0.976,0.9853333333333333,0.025487499999999944,0.20201250000000023,0.025817005490128504,0.22566032202860026,0.11361545414773883,0.33590200314593327,0.15964502088334426,0.44945619774337997,0.11361545414773883,0.33590200314593327,-0.8679693027147163,-0.6469851663832179,2.9282230113362613,8.642030654655542,6000,2000,54.12771655975339,0.5360150223087705
pythia410m_enron_N6000_lr5e-5_seed42_cedb,pythia-410m,enron,6000,20,5e-05,42,rmia,0.9445196250000001,0.2395,0.14583333333333334,0.8198333333333334,0.807,1.8790058524071684,0.9692795913479166,0.9204662523564606,0.9204662523564606,0.10063291902312721,0.8906717994652171,100.0,1.8484063496528478,0.9178845531145412,1.8790058524071684,0.9204662523564606,1.8928730664603894,0.9216081638068663,1.9495743501457512,0.9261022387325126,0.9368597624999999,0.9518570291666666,0.2075,0.2596708333333333,0.13949583333333335,0.20850833333333332,0.8046666666666666,0.8368333333333333,0.7933333333333336,0.8256708333333335,1.7755769513770654,2.013085257190816,0.9422252785372207,1.0032659806965543,0.9113804396500091,0.9308190356556774,0.9113804396500091,0.9308190356556774,0.09040023681396661,0.10943154492450101,0.8804663206168392,0.9022106295302857,6000,2000,54.12771655975339,0.5360150223087705
